{
  "mse_u": 0.6325728297233582,
  "mse_v": 0.6286418437957764,
  "mse_p": 1.8365004062652588,
  "residual_ns": 0.09535036981105804,
  "for_u": 1.0,
  "for_v": 1.0,
  "for_p": 0.0,
  "lim_u_inf": -0.3999011516571045,
  "lim_u_sup": 0.33363816142082214,
  "lim_v_inf": -0.3424167335033417,
  "lim_v_sup": 0.3851139545440674,
  "lim_p_inf": -3.2313780784606934,
  "lim_p_sup": 3.6726670265197754,
  "nombre_modelo": "PINN_caribe_excl_4est_R04_bg_baseline_e120",
  "epoca": 120
}