{
  "mse_u": 0.46679365634918213,
  "mse_v": 0.4856094717979431,
  "mse_p": 1.1059620380401611,
  "residual_ns": 0.06737057864665985,
  "for_u": 0.6115341186523438,
  "for_v": 0.48533737659454346,
  "for_p": 0.0026385225355625153,
  "lim_u_inf": -0.3999011516571045,
  "lim_u_sup": 0.33363816142082214,
  "lim_v_inf": -0.3424167335033417,
  "lim_v_sup": 0.3851139545440674,
  "lim_p_inf": -3.2313780784606934,
  "lim_p_sup": 3.6726670265197754,
  "nombre_modelo": "PINN_caribe_excl_4est_R04_bg",
  "epoca": 2000
}